{
  "0": {
    "precision": 0.9574785527788139,
    "recall": 0.8432982917214192,
    "f1-score": 0.8967685589519651,
    "support": 3044.0
  },
  "1": {
    "precision": 0.6383623957543594,
    "recall": 0.8807531380753139,
    "f1-score": 0.7402197802197802,
    "support": 956.0
  },
  "accuracy": 0.85225,
  "macro avg": {
    "precision": 0.7979204742665866,
    "recall": 0.8620257148983665,
    "f1-score": 0.8184941695858726,
    "support": 4000.0
  },
  "weighted avg": {
    "precision": 0.8812097912499692,
    "recall": 0.85225,
    "f1-score": 0.8593534008349728,
    "support": 4000.0
  }
}